<?xml version="1.0" encoding="UTF-8" ?>
<!DOCTYPE mapper PUBLIC "-//mybatis.org//DTD Mapper 3.0//EN" "https://mybatis.org/dtd/mybatis-3-mapper.dtd">
<mapper namespace="emaillist">

	<select id="findAll" resultType="emaillistvo" parameterType="string">
		<choose>
			<when test="keyword == null or keyword == ''">
				<![CDATA[	
		    		  select no, first_name, last_name, email
		      		    from emaillist
		  		    order by no desc
	  			]]>	
			</when>
			<otherwise>
				<![CDATA[
		    		select no, first_name, last_name, email
		      		  from emaillist
		     		 where first_name like '%${keyword}%'
		        		or last_name like '%${keyword}%'
		        		or email like '%${keyword}%' 
		  		  order by no desc
	  			]]>	
			</otherwise>
		</choose>	
	</select>
	
	<insert id="insert" parameterType="emaillistvo">
		<![CDATA[
			insert
			  into emaillist 
			values (null, #{firstName}, #{lastName}, #{email})	
	  	]]>
	  	<selectKey keyProperty="no" resultType="long" order="AFTER">
			<![CDATA[
		  	select last_insert_id()
	  		]]>
	  	</selectKey>	
	</insert>
	
</mapper>
